<?xml version="1.0" encoding="UTF-8"?><assessmentItem xmlns="http://www.imsglobal.org/xsd/imsqti_v2p0"
				xmlns:xsi="http://www.w3.org/2001/XMLSchema-instance"
				xsi:schemaLocation="http://www.imsglobal.org/xsd/imsqti_v2p0 imsqti_v2p0.xsd"
				identifier="question84759" title="26" adaptive="false" timeDependent="false">
	<responseDeclaration identifier="question84759multichoice" cardinality="single" baseType="identifier">
		<correctResponse>
					<value>277663</value>
				</correctResponse>
	</responseDeclaration>
	<outcomeDeclaration identifier="SCORE" cardinality="single" baseType="float">
		<defaultValue>
			<value>0</value>
		</defaultValue>
	</outcomeDeclaration>
	<outcomeDeclaration identifier="FEEDBACK" cardinality="single" baseType="identifier"/>
	<outcomeDeclaration identifier="FEEDBACK2" cardinality="single" baseType="identifier"/>
	<itemBody>
	   <div class="assesmentItemBody">
		<p>
�<b>A firewall is a </b></p>
       </div>
			<div class="interactive.choiceMultiple">
			<choiceInteraction responseIdentifier="question84759multichoice" shuffle="false" maxChoices="1">
    						<simpleChoice identifier="i277661">wall built to prevent fires from damaging a corporate intranet                
				    					   			    <feedbackInline identifier="i277661" outcomeIdentifier="FEEDBACK" showHide="show"> </feedbackInline>
                                    				</simpleChoice>
    						<simpleChoice identifier="i277662">security device deployed at the boundary of a company to prevent unauthorized physical access                
				    					   			    <feedbackInline identifier="i277662" outcomeIdentifier="FEEDBACK" showHide="show"> </feedbackInline>
                                    				</simpleChoice>
    						<simpleChoice identifier="i277663">security device deployed at the boundary of a corporate intranet to protect it from unauthorized access                
				    					   			    <feedbackInline identifier="i277663" outcomeIdentifier="FEEDBACK" showHide="show"> </feedbackInline>
                                    				</simpleChoice>
    						<simpleChoice identifier="i277664">device to prevent all accesses from the internet to the corporate intranet                
				    					   			    <feedbackInline identifier="i277664" outcomeIdentifier="FEEDBACK" showHide="show"> </feedbackInline>
                                    				</simpleChoice>
    					</choiceInteraction>
		</div>
	</itemBody>
	<responseProcessing> 
				<responseCondition>
			<responseIf>
				<match>
					<baseValue baseType="identifier">i277661</baseValue>
					<variable identifier="question84759multichoice"/>
				</match>
				<setOutcomeValue identifier="SCORE">
					<sum>
						<variable identifier="SCORE"/>
						<baseValue baseType="float">0</baseValue>
					</sum>
				</setOutcomeValue>
			</responseIf>
		</responseCondition>
				<responseCondition>
			<responseIf>
				<match>
					<baseValue baseType="identifier">i277662</baseValue>
					<variable identifier="question84759multichoice"/>
				</match>
				<setOutcomeValue identifier="SCORE">
					<sum>
						<variable identifier="SCORE"/>
						<baseValue baseType="float">0</baseValue>
					</sum>
				</setOutcomeValue>
			</responseIf>
		</responseCondition>
				<responseCondition>
			<responseIf>
				<match>
					<baseValue baseType="identifier">i277663</baseValue>
					<variable identifier="question84759multichoice"/>
				</match>
				<setOutcomeValue identifier="SCORE">
					<sum>
						<variable identifier="SCORE"/>
						<baseValue baseType="float">1</baseValue>
					</sum>
				</setOutcomeValue>
			</responseIf>
		</responseCondition>
				<responseCondition>
			<responseIf>
				<match>
					<baseValue baseType="identifier">i277664</baseValue>
					<variable identifier="question84759multichoice"/>
				</match>
				<setOutcomeValue identifier="SCORE">
					<sum>
						<variable identifier="SCORE"/>
						<baseValue baseType="float">0</baseValue>
					</sum>
				</setOutcomeValue>
			</responseIf>
		</responseCondition>
				<responseCondition>
			<responseIf>
				<lte>
					<variable identifier="SCORE"/>
					<baseValue baseType="float">0</baseValue>
				</lte>
				<setOutcomeValue identifier="SCORE">
					<baseValue baseType="float">0</baseValue>
				</setOutcomeValue>
				<setOutcomeValue identifier="FEEDBACK2">
					<baseValue baseType="identifier">INCORRECT</baseValue>
				</setOutcomeValue>
			</responseIf>
			<responseElseIf>
				<gte>
					<variable identifier="SCORE"/>
					<baseValue baseType="float">0.99</baseValue>
				</gte>
				<setOutcomeValue identifier="SCORE">
					<baseValue baseType="float">1</baseValue>
				</setOutcomeValue>
				<setOutcomeValue identifier="FEEDBACK2">
					<baseValue baseType="identifier">CORRECT</baseValue>
				</setOutcomeValue>
			</responseElseIf>
			<responseElse>
				<setOutcomeValue identifier="FEEDBACK2">
					<baseValue baseType="identifier">PARTIAL</baseValue>
				</setOutcomeValue>
			</responseElse>
		</responseCondition>
        <setOutcomeValue identifier="FEEDBACK">
            <variable identifier="question84759multichoice"/>
        </setOutcomeValue>		
	</responseProcessing>
                </assessmentItem>
