<?xml version="1.0" encoding="UTF-8"?><assessmentItem xmlns="http://www.imsglobal.org/xsd/imsqti_v2p0"
				xmlns:xsi="http://www.w3.org/2001/XMLSchema-instance"
				xsi:schemaLocation="http://www.imsglobal.org/xsd/imsqti_v2p0 imsqti_v2p0.xsd"
				identifier="question84757" title="24" adaptive="false" timeDependent="false">
	<responseDeclaration identifier="question84757multichoice" cardinality="single" baseType="identifier">
		<correctResponse>
					<value>277654</value>
				</correctResponse>
	</responseDeclaration>
	<outcomeDeclaration identifier="SCORE" cardinality="single" baseType="float">
		<defaultValue>
			<value>0</value>
		</defaultValue>
	</outcomeDeclaration>
	<outcomeDeclaration identifier="FEEDBACK" cardinality="single" baseType="identifier"/>
	<outcomeDeclaration identifier="FEEDBACK2" cardinality="single" baseType="identifier"/>
	<itemBody>
	   <div class="assesmentItemBody">
		<p>  
�<b>Public key encryption method is a system </b></p>
       </div>
			<div class="interactive.choiceMultiple">
			<choiceInteraction responseIdentifier="question84757multichoice" shuffle="false" maxChoices="1">
    						<simpleChoice identifier="i277653">which uses a set of public keys one for each participant in e-Commerce                
								</simpleChoice>
    						<simpleChoice identifier="i277654">in which each person who wants to communicate has two keys; a private key known to him only and a public key which is publicized to enable others to send message to him                
								</simpleChoice>
    						<simpleChoice identifier="i277655">which uses the RSA coding system                
								</simpleChoice>
    						<simpleChoice identifier="i277656">which is a standard for use in e-Commerce.                
								</simpleChoice>
    					</choiceInteraction>
		</div>
	</itemBody>
	<responseProcessing> 
				<responseCondition>
			<responseIf>
				<match>
					<baseValue baseType="identifier">i277653</baseValue>
					<variable identifier="question84757multichoice"/>
				</match>
				<setOutcomeValue identifier="SCORE">
					<sum>
						<variable identifier="SCORE"/>
						<baseValue baseType="float">0</baseValue>
					</sum>
				</setOutcomeValue>
			</responseIf>
		</responseCondition>
				<responseCondition>
			<responseIf>
				<match>
					<baseValue baseType="identifier">i277654</baseValue>
					<variable identifier="question84757multichoice"/>
				</match>
				<setOutcomeValue identifier="SCORE">
					<sum>
						<variable identifier="SCORE"/>
						<baseValue baseType="float">1</baseValue>
					</sum>
				</setOutcomeValue>
			</responseIf>
		</responseCondition>
				<responseCondition>
			<responseIf>
				<match>
					<baseValue baseType="identifier">i277655</baseValue>
					<variable identifier="question84757multichoice"/>
				</match>
				<setOutcomeValue identifier="SCORE">
					<sum>
						<variable identifier="SCORE"/>
						<baseValue baseType="float">0</baseValue>
					</sum>
				</setOutcomeValue>
			</responseIf>
		</responseCondition>
				<responseCondition>
			<responseIf>
				<match>
					<baseValue baseType="identifier">i277656</baseValue>
					<variable identifier="question84757multichoice"/>
				</match>
				<setOutcomeValue identifier="SCORE">
					<sum>
						<variable identifier="SCORE"/>
						<baseValue baseType="float">0</baseValue>
					</sum>
				</setOutcomeValue>
			</responseIf>
		</responseCondition>
				<responseCondition>
			<responseIf>
				<lte>
					<variable identifier="SCORE"/>
					<baseValue baseType="float">0</baseValue>
				</lte>
				<setOutcomeValue identifier="SCORE">
					<baseValue baseType="float">0</baseValue>
				</setOutcomeValue>
				<setOutcomeValue identifier="FEEDBACK2">
					<baseValue baseType="identifier">INCORRECT</baseValue>
				</setOutcomeValue>
			</responseIf>
			<responseElseIf>
				<gte>
					<variable identifier="SCORE"/>
					<baseValue baseType="float">0.99</baseValue>
				</gte>
				<setOutcomeValue identifier="SCORE">
					<baseValue baseType="float">1</baseValue>
				</setOutcomeValue>
				<setOutcomeValue identifier="FEEDBACK2">
					<baseValue baseType="identifier">CORRECT</baseValue>
				</setOutcomeValue>
			</responseElseIf>
			<responseElse>
				<setOutcomeValue identifier="FEEDBACK2">
					<baseValue baseType="identifier">PARTIAL</baseValue>
				</setOutcomeValue>
			</responseElse>
		</responseCondition>
        <setOutcomeValue identifier="FEEDBACK">
            <variable identifier="question84757multichoice"/>
        </setOutcomeValue>		
	</responseProcessing>
                </assessmentItem>
