<?xml version="1.0" encoding="UTF-8"?><assessmentItem xmlns="http://www.imsglobal.org/xsd/imsqti_v2p0"
				xmlns:xsi="http://www.w3.org/2001/XMLSchema-instance"
				xsi:schemaLocation="http://www.imsglobal.org/xsd/imsqti_v2p0 imsqti_v2p0.xsd"
				identifier="question84992" title="73" adaptive="false" timeDependent="false">
	<responseDeclaration identifier="question84992multichoice" cardinality="single" baseType="identifier">
		<correctResponse>
					<value>278573</value>
				</correctResponse>
	</responseDeclaration>
	<outcomeDeclaration identifier="SCORE" cardinality="single" baseType="float">
		<defaultValue>
			<value>0</value>
		</defaultValue>
	</outcomeDeclaration>
	<outcomeDeclaration identifier="FEEDBACK" cardinality="single" baseType="identifier"/>
	<outcomeDeclaration identifier="FEEDBACK2" cardinality="single" baseType="identifier"/>
	<itemBody>
	   <div class="assesmentItemBody">
		<p>Which statement is true regarding group password policy?</p>
       </div>
			<div class="interactive.choiceMultiple">
			<choiceInteraction responseIdentifier="question84992multichoice" shuffle="false" maxChoices="1">
    						<simpleChoice identifier="i278571">The group password policy enforces global password policy for groups                
								</simpleChoice>
    						<simpleChoice identifier="i278572">The group password policy enables specific password policy for all members of all groups                
								</simpleChoice>
    						<simpleChoice identifier="i278573">The group password policy enables specific password policy for all members of a given group                
								</simpleChoice>
    						<simpleChoice identifier="i278574">The group password policy enforces password policy for all members of all groups based on ACL processing                
								</simpleChoice>
    					</choiceInteraction>
		</div>
	</itemBody>
	<responseProcessing> 
				<responseCondition>
			<responseIf>
				<match>
					<baseValue baseType="identifier">i278571</baseValue>
					<variable identifier="question84992multichoice"/>
				</match>
				<setOutcomeValue identifier="SCORE">
					<sum>
						<variable identifier="SCORE"/>
						<baseValue baseType="float">0</baseValue>
					</sum>
				</setOutcomeValue>
			</responseIf>
		</responseCondition>
				<responseCondition>
			<responseIf>
				<match>
					<baseValue baseType="identifier">i278572</baseValue>
					<variable identifier="question84992multichoice"/>
				</match>
				<setOutcomeValue identifier="SCORE">
					<sum>
						<variable identifier="SCORE"/>
						<baseValue baseType="float">0</baseValue>
					</sum>
				</setOutcomeValue>
			</responseIf>
		</responseCondition>
				<responseCondition>
			<responseIf>
				<match>
					<baseValue baseType="identifier">i278573</baseValue>
					<variable identifier="question84992multichoice"/>
				</match>
				<setOutcomeValue identifier="SCORE">
					<sum>
						<variable identifier="SCORE"/>
						<baseValue baseType="float">1</baseValue>
					</sum>
				</setOutcomeValue>
			</responseIf>
		</responseCondition>
				<responseCondition>
			<responseIf>
				<match>
					<baseValue baseType="identifier">i278574</baseValue>
					<variable identifier="question84992multichoice"/>
				</match>
				<setOutcomeValue identifier="SCORE">
					<sum>
						<variable identifier="SCORE"/>
						<baseValue baseType="float">0</baseValue>
					</sum>
				</setOutcomeValue>
			</responseIf>
		</responseCondition>
				<responseCondition>
			<responseIf>
				<lte>
					<variable identifier="SCORE"/>
					<baseValue baseType="float">0</baseValue>
				</lte>
				<setOutcomeValue identifier="SCORE">
					<baseValue baseType="float">0</baseValue>
				</setOutcomeValue>
				<setOutcomeValue identifier="FEEDBACK2">
					<baseValue baseType="identifier">INCORRECT</baseValue>
				</setOutcomeValue>
			</responseIf>
			<responseElseIf>
				<gte>
					<variable identifier="SCORE"/>
					<baseValue baseType="float">0.99</baseValue>
				</gte>
				<setOutcomeValue identifier="SCORE">
					<baseValue baseType="float">1</baseValue>
				</setOutcomeValue>
				<setOutcomeValue identifier="FEEDBACK2">
					<baseValue baseType="identifier">CORRECT</baseValue>
				</setOutcomeValue>
			</responseElseIf>
			<responseElse>
				<setOutcomeValue identifier="FEEDBACK2">
					<baseValue baseType="identifier">PARTIAL</baseValue>
				</setOutcomeValue>
			</responseElse>
		</responseCondition>
        <setOutcomeValue identifier="FEEDBACK">
            <variable identifier="question84992multichoice"/>
        </setOutcomeValue>		
	</responseProcessing>
                </assessmentItem>
